Player Id,Player Name,2022/2023,2023/2024,2024/2025,2024/2025
1,Stephen Curry,"$48,070,014 ","$51,915,615 ","$55,761,217 ","$59,606,817 "
2,John Wall,"$47,345,760 ",$0 ,$0 ,$0 
3,Russell Westbrook,"$47,080,179 ",$0 ,$0 ,$0 
4,LeBron James,"$44,474,988 ","$46,698,737 ","$50,434,636 ",$0 
5,Kevin Durant,"$44,119,845 ","$47,649,433 ","$51,179,020 ","$54,708,608 "
6,Bradley Beal,"$43,279,250 ","$46,741,590 ","$50,203,930 ","$53,666,270 "
7,Paul George,"$42,492,492 ","$45,640,084 ","$48,787,676 ",$0 
7,Kawhi Leonard,"$42,492,492 ","$45,640,084 ","$48,787,676 ",$0 
7,Giannis Antetokounmpo,"$42,492,492 ","$45,640,084 ","$48,787,676 ","$51,935,268 "
7,Damian Lillard,"$42,492,492 ","$45,640,084 ","$48,787,676 ","$58,545,211 "
11,Klay Thompson,"$40,600,080 ","$43,219,440 ",$0 ,$0 
12,Kyrie Irving,"$38,917,057 ",$0 ,$0 ,$0 
13,Rudy Gobert,"$38,172,414 ","$41,000,000 ","$43,827,586 ","$46,655,173 "
14,Khris Middleton,"$37,984,276 ","$40,396,552 ",$0 ,$0 
15,Anthony Davis,"$37,980,720 ","$40,600,080 ","$43,219,440 ",$0 
16,Jimmy Butler,"$37,653,300 ","$45,183,960 ","$48,798,677 ","$52,413,394 "
17,Tobias Harris,"$37,633,050 ","$39,270,150 ",$0 ,$0 
18,Kemba Walker,"$37,281,261 ",$0 ,$0 ,$0 
19,Trae Young,"$37,096,500 ","$40,064,220 ","$43,031,940 ","$45,999,660 "
19,Zach LaVine,"$37,096,500 ","$40,064,220 ","$43,031,940 ","$45,999,660 "
19,Luka Doncic,"$37,096,500 ","$40,064,220 ","$43,031,940 ","$45,999,660 "
22,Ben Simmons,"$35,448,672 ","$37,893,408 ","$40,338,144 ",$0 
22,Pascal Siakam,"$35,448,672 ","$37,893,408 ",$0 ,$0 
24,Myles Turner,"$35,096,500 ","$20,975,000 ","$19,928,500 ",$0 
25,Jrue Holiday,"$34,319,520 ","$36,861,707 ","$39,403,894 ",$0 
26,Karl-Anthony Towns,"$33,833,400 ","$36,016,200 ","$50,050,000 ","$54,054,000 "
26,Devin Booker,"$33,833,400 ","$36,016,200 ","$50,050,000 ","$54,054,000 "
26,Kristaps Porzingis,"$33,833,400 ","$36,016,200 ",$0 ,$0 
29,Joel Embiid,"$33,616,770 ","$46,900,000 ","$50,652,000 ","$54,404,000 "
29,Andrew Wiggins,"$33,616,770 ","$24,330,357 ","$26,276,786 ","$28,223,215 "
31,CJ McCollum,"$33,333,333 ","$35,802,469 ","$33,333,333 ","$30,666,666 "
32,Nikola Jokic,"$33,047,803 ","$46,550,000 ","$50,274,000 ","$53,998,000 "
33,James Harden,"$33,000,000 ","$35,640,000 ",$0 ,$0 
34,Jamal Murray,"$31,650,600 ","$33,833,400 ","$36,016,200 ",$0 
34,Brandon Ingram,"$31,650,600 ","$33,833,400 ","$36,016,200 ",$0 
36,D'Angelo Russell,"$31,377,750 ",$0 ,$0 ,$0 
37,Michael Porter,"$30,913,750 ","$33,386,850 ","$35,859,950 ","$38,333,050 "
37,Shai Gilgeous-Alexander,"$30,913,750 ","$33,386,850 ","$35,859,950 ","$38,333,050 "
37,Donovan Mitchell,"$30,913,750 ","$33,162,030 ","$35,410,310 ","$37,096,620 "
37,Deandre Ayton,"$30,913,750 ","$32,459,438 ","$34,005,126 ","$35,550,814 "
41,Kevin Love,"$30,556,968 ",$0 ,$0 ,$0 
42,Jayson Tatum,"$30,351,780 ","$32,600,060 ","$34,848,340 ","$37,096,620 "
42,Bam Adebayo,"$30,351,780 ","$32,600,060 ","$34,848,340 ","$37,096,620 "
42,De'Aaron Fox,"$30,351,780 ","$32,600,060 ","$34,848,340 ","$37,096,620 "
45,Gordon Hayward,"$30,075,000 ","$31,500,000 ",$0 ,$0 
46,Jaylen Brown,"$29,776,785 ","$31,830,357 ",$0 ,$0 
47,Jaren Jackson Jr,"$28,946,605 ","$27,102,202 ","$25,257,798 ","$23,413,395 "
48,Chris Paul,"$28,400,000 ","$30,800,000 ","$30,800,000 ",$0 
49,Kyle Lowry,"$28,333,334 ","$29,682,540 ",$0 ,$0 
50,Jalen Brunson,"$27,733,332 ","$26,346,666 ","$24,960,001 ","$24,960,001 "
51,DeMar DeRozan,"$27,300,000 ","$28,600,000 ",$0 ,$0 
52,Al Horford,"$26,500,000 ","$10,000,000 ","$9,500,000 ",$0 
53,Draymond Green,"$25,806,468 ","$27,586,224 ",$0 ,$0 
54,Julius Randle,"$23,760,000 ","$25,660,800 ","$27,561,600 ","$29,462,400 "
55,John Collins,"$23,500,000 ","$25,340,000 ","$26,580,000 ","$26,580,000 "
56,Mike Conley,"$22,680,000 ","$24,360,000 ",$0 ,$0 
57,Malcolm Brogdon,"$22,600,000 ","$22,500,000 ","$22,500,000 ",$0 
58,Anfernee Simons,"$22,321,429 ","$24,107,143 ","$25,892,857 ","$27,678,571 "
59,Nikola Vucevic,"$22,000,000 ",$0 ,$0 ,$0 
60,Terry Rozier,"$21,486,316 ","$23,205,221 ","$24,924,126 ","$26,643,031 "
61,Fred VanVleet,"$21,250,000 ","$22,824,074 ",$0 ,$0 
62,Buddy Hield,"$21,177,750 ","$19,279,841 ",$0 ,$0 
63,Domantas Sabonis,"$21,100,000 ","$22,000,000 ",$0 ,$0 
64,Jerami Grant,"$20,955,000 ",$0 ,$0 ,$0 
65,Mikal Bridges,"$20,100,000 ","$21,700,000 ","$23,300,000 ","$24,900,000 "
66,Jarrett Allen,"$20,000,000 ","$20,000,000 ","$20,000,000 ","$20,000,000 "
67,Nicolas Batum,"$19,700,319 ","$11,710,818 ",$0 ,$0 
68,Aaron Gordon,"$19,690,909 ","$21,266,182 ","$22,841,455 ","$22,841,455 "
69,Tim Hardaway Jr,"$19,602,273 ","$17,897,728 ","$16,193,183 ",$0 
70,Eric Gordon,"$19,568,360 ","$20,917,902 ",$0 ,$0 
71,Bojan Bogdanovic,"$19,550,000 ","$20,000,000 ","$19,032,850 ",$0 
72,Lonzo Ball,"$19,534,884 ","$20,465,117 ","$21,395,348 ",$0 
73,Spencer Dinwiddie,"$19,500,000 ","$20,357,143 ",$0 ,$0 
74,Danilo Gallinari,"$19,479,000 ","$6,802,950 ",$0 ,$0 
75,Caris LeVert,"$18,796,296 ",$0 ,$0 ,$0 
76,Joe Harris,"$18,642,857 ","$19,928,571 ",$0 ,$0 
77,Harrison Barnes,"$18,352,273 ",$0 ,$0 ,$0 
78,Clint Capela,"$18,206,896 ","$20,616,000 ","$22,265,280 ",$0 
79,Evan Fournier,"$18,000,000 ","$18,857,143 ","$19,000,000 ",$0 
79,Bogdan Bogdanovic,"$18,000,000 ","$18,700,000 ","$17,260,000 ","$16,020,000 "
81,Steven Adams,"$17,926,829 ","$12,600,000 ","$12,600,000 ",$0 
82,Jonathan Isaac,"$17,400,000 ","$17,400,000 ","$17,400,000 ",$0 
83,OG Anunoby,"$17,357,143 ","$18,642,857 ","$19,928,571 ",$0 
84,Gary Trent Jr,"$17,280,000 ","$18,560,000 ",$0 ,$0 
85,Marcus Smart,"$17,207,142 ","$18,583,713 ","$19,960,285 ","$21,336,856 "
86,Derrick White,"$17,142,857 ","$18,357,143 ","$19,571,429 ",$0 
87,Dejounte Murray,"$17,071,120 ","$18,214,000 ",$0 ,$0 
88,Mitchell Robinson,"$17,045,454 ","$15,681,818 ","$14,318,182 ","$12,954,546 "
89,Duncan Robinson,"$16,902,000 ","$18,154,000 ","$19,406,000 ","$19,888,000 "
90,Norman Powell,"$16,758,621 ","$18,000,000 ","$19,241,379 ","$20,482,758 "
91,Collin Sexton,"$16,700,000 ","$17,325,000 ","$18,150,000 ","$18,975,000 "
92,Markelle Fultz,"$16,500,000 ","$17,000,000 ",$0 ,$0 
93,Lauri Markkanen,"$16,475,454 ","$17,259,999 ","$18,044,544 ",$0 
94,Marcus Morris,"$16,372,093 ","$17,116,279 ",$0 ,$0 
95,Davis Bertans,"$16,000,000 ","$17,000,000 ","$16,000,000 ",$0 
96,Jusuf Nurkic,"$15,625,000 ","$16,875,000 ","$18,125,000 ","$19,375,000 "
97,Malik Beasley,"$15,558,035 ","$16,524,106 ",$0 ,$0 
98,Luguentz Dort,"$15,277,778 ","$15,277,778 ","$16,500,000 ","$17,722,222 "
99,Will Barton,"$15,059,712 ",$0 ,$0 ,$0 
100,Tyus Jones,"$15,000,000 ","$14,000,000 ",$0 ,$0 
101,Jonas Valanciunas,"$14,700,000 ","$15,435,000 ",$0 ,$0 
102,Derrick Rose,"$14,520,730 ","$15,596,339 ",$0 ,$0 
103,Kevin Huerter,"$14,508,929 ","$15,669,643 ","$16,830,357 ","$17,991,071 "
104,Christian Wood,"$14,317,459 ",$0 ,$0 ,$0 
105,Wendell Carter,"$14,150,000 ","$13,050,000 ","$11,950,000 ","$10,850,000 "
106,Kentavious Caldwell-Pope,"$14,004,703 ","$14,704,938 ","$15,440,185 ",$0 
107,Brook Lopez,"$13,906,976 ",$0 ,$0 ,$0 
108,Patrick Beverley,"$13,801,614 ",$0 ,$0 ,$0 
109,Doug McDermott,"$13,750,000 ","$13,750,000 ",$0 ,$0 
110,Luke Kennard,"$13,745,455 ","$14,763,636 ","$14,763,636 ",$0 
111,Zion Williamson,"$13,534,817 ","$33,500,000 ","$36,180,000 ","$38,860,000 "
112,Jordan Clarkson,"$13,340,000 ","$14,260,000 ",$0 ,$0 
113,Gary Harris,"$13,000,000 ","$13,000,000 ",$0 ,$0 
113,Kyle Kuzma,"$13,000,000 ","$13,000,000 ",$0 ,$0 
115,Josh Hart,"$12,960,000 ","$12,960,000 ",$0 ,$0 
116,Dorian Finney-Smith,"$12,939,848 ","$13,932,008 ","$14,924,167 ","$15,378,480 "
117,Kelly Olynyk,"$12,804,878 ","$12,195,122 ",$0 ,$0 
118,Chris Boucher,"$12,690,000 ","$11,750,000 ","$10,810,000 ",$0 
119,Kelly Oubre,"$12,600,000 ",$0 ,$0 ,$0 
120,Marvin Bagley,"$12,500,000 ","$12,500,000 ","$12,500,000 ",$0 
121,Robert Covington,"$12,307,692 ","$11,692,308 ",$0 ,$0 
122,Josh Richardson,"$12,196,094 ",$0 ,$0 ,$0 
123,Ja Morant,"$12,119,440 ","$33,500,000 ","$36,180,000 ","$38,860,000 "
124,Danny Green,"$11,710,528 ",$0 ,$0 ,$0 
125,Devonte Graham,"$11,550,000 ","$12,100,000 ","$12,650,000 ",$0 
126,Terrence Ross,"$11,500,000 ",$0 ,$0 ,$0 
127,Reggie Jackson,"$11,457,217 ",$0 ,$0 ,$0 
128,Dillon Brooks,"$11,400,000 ",$0 ,$0 ,$0 
129,Richaun Holmes,"$11,215,260 ","$12,046,020 ","$12,876,780 ",$0 
130,Dwight Powell,"$11,080,125 ",$0 ,$0 ,$0 
131,Paolo Banchero,"$11,055,120 ","$11,608,080 ","$12,160,800 ","$15,334,769 "
132,RJ Barrett,"$10,900,634 ","$23,883,929 ","$25,794,643 ","$27,705,357 "
133,Bobby Portis,"$10,843,350 ","$11,710,818 ","$12,578,286 ","$13,445,754 "
134,DeAndre Jordan,"$10,733,758 ",$0 ,$0 ,$0 
135,Anthony Edwards,"$10,733,400 ","$13,534,817 ","$17,595,263 ",$0 
136,Robert Williams,"$10,714,287 ","$11,571,429 ","$12,428,571 ","$13,285,713 "
137,Cade Cunningham,"$10,552,800 ","$11,055,360 ","$13,940,809 ","$18,123,052 "
138,PJ Tucker,"$10,490,000 ","$11,014,500 ","$11,539,000 ",$0 
139,Derrick Favors,"$10,350,803 ",$0 ,$0 ,$0 
140,Mo Bamba,"$10,300,000 ","$10,300,000 ",$0 ,$0 
141,Talen Horton-Tucker,"$10,260,000 ","$11,020,000 ",$0 ,$0 
142,Jae Crowder,"$10,183,800 ",$0 ,$0 ,$0 
143,Ivica Zubac,"$10,123,457 ","$10,933,333 ","$11,743,210 ",$0 
144,Reggie Bullock,"$10,012,800 ","$10,489,600 ",$0 ,$0 
144,Alec Burks,"$10,012,800 ","$10,489,600 ",$0 ,$0 
146,Chet Holmgren,"$9,891,240 ","$10,386,000 ","$10,880,640 ","$13,731,368 "
147,De'Andre Hunter,"$9,835,881 ","$20,089,286 ","$21,696,429 ","$23,303,571 "
148,Larry Nance Jr,"$9,672,727 ","$10,375,000 ","$11,205,000 ",$0 
149,James Wiseman,"$9,603,360 ","$12,119,440 ","$15,815,870 ",$0 
150,Landry Shamet,"$9,500,000 ","$10,250,000 ","$11,000,000 ","$11,750,000 "
151,Malik Monk,"$9,472,219 ","$9,945,830 ",$0 ,$0 
152,Jalen Green,"$9,441,840 ","$9,891,480 ","$12,483,048 ","$16,290,377 "
153,Jakob Poeltl,"$9,398,148 ",$0 ,$0 ,$0 
154,Nerlens Noel,"$9,391,069 ",$0 ,$0 ,$0 
155,Nicolas Claxton,"$9,350,000 ","$9,625,000 ",$0 ,$0 
156,Dario Saric,"$9,240,000 ",$0 ,$0 ,$0 
157,Royce O'Neale,"$9,200,000 ","$9,500,000 ",$0 ,$0 
158,Monte Morris,"$9,125,000 ","$9,800,926 ",$0 ,$0 
159,Mason Plumlee,"$9,080,417 ",$0 ,$0 ,$0 
160,Alex Caruso,"$9,030,000 ","$9,460,000 ","$9,890,000 ",$0 
161,Maxi Kleber,"$9,000,000 ","$11,000,000 ","$11,000,000 ","$11,000,000 "
162,Grayson Allen,"$8,925,000 ","$8,925,000 ",$0 ,$0 
163,Darius Garland,"$8,920,794 ","$33,500,000 ","$36,180,000 ","$38,860,000 "
164,Jabari Smith,"$8,882,640 ","$9,326,520 ","$9,770,880 ","$12,350,392 "
165,Isaiah Hartenstein,"$8,854,879 ","$9,245,121 ",$0 ,$0 
166,Kyle Anderson,"$8,780,488 ","$9,219,512 ",$0 ,$0 
167,Victor Oladipo,"$8,750,000 ","$9,450,000 ",$0 ,$0 
168,Daniel Theis,"$8,694,369 ","$9,108,386 ","$9,522,404 ",$0 
169,LaMelo Ball,"$8,623,920 ","$10,900,635 ","$14,301,633 ",$0 
170,Seth Curry,"$8,496,653 ",$0 ,$0 ,$0 
171,Evan Mobley,"$8,478,720 ","$8,882,640 ","$11,227,657 ","$14,730,686 "
172,Gary Payton II,"$8,300,000 ","$8,715,000 ","$9,130,000 ",$0 
173,Dewayne Dedmon,"$8,283,688 ","$2,748,674 ","$2,748,674 ",$0 
174,De'Anthony Melton,"$8,250,000 ","$8,000,000 ",$0 ,$0 
175,JaMychal Green,"$8,200,000 ",$0 ,$0 ,$0 
176,TJ McConnell,"$8,100,000 ","$8,700,000 ","$9,300,000 ",$0 
177,Keegan Murray,"$8,008,440 ","$8,409,000 ","$8,809,560 ","$11,144,093 "
178,Kevon Looney,"$8,000,000 ","$8,500,000 ","$9,000,000 ",$0 
178,Thaddeus Young,"$8,000,000 ","$8,000,000 ",$0 ,$0 
180,Delon Wright,"$7,804,878 ","$8,195,122 ",$0 ,$0 
181,Patrick Williams,"$7,775,400 ","$9,835,881 ","$12,973,527 ",$0 
182,Scottie Barnes,"$7,644,600 ","$8,008,680 ","$10,130,980 ","$13,362,763 "
183,Cedi Osman,"$7,426,088 ","$6,718,842 ",$0 ,$0 
184,Coby White,"$7,413,955 ","$9,942,113 ",$0 ,$0 
185,Zach Collins,"$7,350,000 ","$7,700,000 ",$0 ,$0 
186,Taurean Prince,"$7,295,000 ","$7,650,000 ",$0 ,$0 
187,Jaden Ivey,"$7,252,200 ","$7,614,480 ","$7,977,240 ","$10,107,163 "
188,Jae'Sean Tate,"$7,065,217 ","$6,500,000 ","$7,065,217 ",$0 
189,Isaac Okoro,"$7,040,880 ","$8,920,794 ","$11,828,974 ",$0 
190,Cody Martin,"$7,000,000 ","$7,560,000 ","$8,120,000 ","$8,680,000 "
191,Jalen Suggs,"$6,922,320 ","$7,252,080 ","$9,188,385 ","$12,183,799 "
192,Jaxson Hayes,"$6,803,012 ","$9,170,460 ",$0 ,$0 
193,Khem Birch,"$6,667,500 ","$6,985,000 ",$0 ,$0 
194,Bennedict Mathurin,"$6,586,800 ","$6,916,080 ","$7,245,720 ","$9,187,573 "
195,Patrick Mills,"$6,479,000 ","$6,802,950 ",$0 ,$0 
195,Bruce Brown,"$6,479,000 ","$6,802,950 ",$0 ,$0 
195,Caleb Martin,"$6,479,000 ","$6,802,950 ","$7,126,900 ",$0 
195,Lonnie Walker,"$6,479,000 ",$0 ,$0 ,$0 
195,Joe Ingles,"$6,479,000 ",$0 ,$0 ,$0 
200,Onyeka Okongwu,"$6,395,160 ","$8,109,063 ","$10,817,490 ",$0 
201,Josh Giddey,"$6,287,400 ","$6,587,040 ","$8,352,367 ","$11,142,057 "
202,Rui Hachimura,"$6,263,188 ","$8,486,619 ",$0 ,$0 
203,Rudy Gay,"$6,184,500 ","$6,479,000 ",$0 ,$0 
204,Jevon Carter,"$6,025,000 ","$2,239,943 ",$0 ,$0 
205,Shaedon Sharpe,"$6,012,960 ","$6,313,800 ","$6,614,160 ","$8,399,983 "
206,Cameron Payne,"$6,000,000 ","$6,500,000 ",$0 ,$0 
206,Otto Porter,"$6,000,000 ","$6,300,000 ",$0 ,$0 
208,Justin Holiday,"$5,987,975 ",$0 ,$0 ,$0 
209,Cam Reddish,"$5,954,454 ","$8,109,966 ",$0 ,$0 
210,Cameron Johnson,"$5,887,899 ","$8,060,533 ",$0 ,$0 
211,Ricky Rubio,"$5,853,659 ","$6,146,342 ","$6,439,025 ",$0 
212,Killian Hayes,"$5,837,760 ","$7,413,955 ","$9,942,114 ",$0 
213,PJ Washington,"$5,808,435 ","$7,992,407 ",$0 ,$0 
214,Jonathan Kuminga,"$5,739,840 ","$6,012,840 ","$7,636,307 ","$10,240,287 "
215,Pat Connaughton,"$5,728,393 ","$9,423,869 ","$9,423,869 ","$9,423,869 "
216,Tyler Herro,"$5,722,116 ","$27,000,000 ","$29,000,000 ","$31,000,000 "
217,Romeo Langford,"$5,634,257 ","$7,837,251 ",$0 ,$0 
218,Dyson Daniels,"$5,508,600 ","$5,784,120 ","$6,059,520 ","$7,707,709 "
219,JaVale McGee,"$5,461,219 ","$5,734,280 ","$6,007,341 ",$0 
220,Goga Bitadze,"$5,377,520 ","$2,066,585 ",$0 ,$0 
221,Obi Toppin,"$5,348,280 ","$6,803,012 ","$9,170,460 ",$0 
222,Franz Wagner,"$5,258,280 ","$5,508,720 ","$7,007,092 ","$9,445,560 "
223,Kendrick Nunn,"$5,250,000 ",$0 ,$0 ,$0 
224,Hamidou Diallo,"$5,200,000 ",$0 ,$0 ,$0 
225,Cory Joseph,"$5,155,500 ",$0 ,$0 ,$0 
225,Garrett Temple,"$5,155,500 ","$5,401,000 ",$0 ,$0 
227,Torrey Craig,"$5,121,951 ",$0 ,$0 ,$0 
228,Jeremy Sochan,"$5,063,520 ","$5,316,960 ","$5,570,040 ","$7,096,231 "
229,David Nwaba,"$5,022,000 ","$5,394,000 ",$0 ,$0 
230,Nickeil Alexander-Walker,"$5,009,633 ","$7,073,602 ",$0 ,$0 
231,Furkan Korkmaz,"$5,000,000 ","$5,370,370 ",$0 ,$0 
232,Deni Avdija,"$4,916,160 ","$6,263,188 ","$8,486,619 ",$0 
233,Davion Mitchell,"$4,833,600 ","$5,063,640 ","$6,451,077 ","$8,741,210 "
234,Johnny Davis,"$4,810,320 ","$5,050,800 ","$5,291,160 ","$6,746,229 "
235,Ty Jerome,"$4,728,948 ","$1,761,752 ",$0 ,$0 
236,Ishmael Smith,"$4,725,000 ",$0 ,$0 ,$0 
237,Jalen Smith,"$4,670,160 ","$5,043,773 ","$5,417,386 ",$0 
238,Ziaire Williams,"$4,591,680 ","$4,810,200 ","$6,133,005 ","$8,353,152 "
239,Ousmane Dieng,"$4,569,840 ","$4,798,440 ","$5,027,040 ","$6,670,882 "
240,Moe Harkless,"$4,564,980 ",$0 ,$0 ,$0 
241,Donte DiVincenzo,"$4,500,000 ","$4,725,000 ",$0 ,$0 
241,Jeff Green,"$4,500,000 ",$0 ,$0 ,$0 
243,Devin Vassell,"$4,437,000 ","$5,887,899 ","$8,060,534 ",$0 
244,Matisse Thybulle,"$4,379,526 ","$6,275,861 ",$0 ,$0 
245,Jarred Vanderbilt,"$4,374,000 ","$4,698,000 ",$0 ,$0 
246,James Bouknight,"$4,362,240 ","$4,570,080 ","$6,064,496 ","$8,302,295 "
247,Brandon Clarke,"$4,343,919 ","$12,500,000 ","$12,500,000 ","$12,500,000 "
248,Jalen Williams,"$4,341,480 ","$4,558,680 ","$4,775,760 ","$6,580,997 "
249,Grant Williams,"$4,306,281 ","$6,235,494 ",$0 ,$0 
250,Darius Bazley,"$4,264,628 ","$6,205,035 ",$0 ,$0 
251,Tyrese Haliburton,"$4,215,120 ","$5,808,435 ","$7,992,406 ",$0 
252,Nassir Little,"$4,171,548 ","$6,250,000 ","$6,750,000 ","$7,250,000 "
253,Josh Primo,"$4,144,320 ","$4,341,600 ",$0 ,$0 
254,Jalen Duren,"$4,124,280 ","$4,330,680 ","$4,536,840 ","$6,483,144 "
255,Gorgui Dieng,"$4,105,236 ",$0 ,$0 ,$0 
256,Danuel House,"$4,105,000 ","$4,310,250 ",$0 ,$0 
257,Boban Marjanovic,"$4,101,478 ",$0 ,$0 ,$0 
258,Justise Winslow,"$4,097,561 ",$0 ,$0 ,$0 
259,Dylan Windler,"$4,037,277 ","$5,959,021 ",$0 ,$0 
260,Stanley Johnson,"$4,022,164 ",$0 ,$0 ,$0 
261,Kira Lewis,"$4,004,280 ","$5,722,116 ","$7,913,686 ",$0 
262,George Hill,"$4,000,000 ",$0 ,$0 ,$0 
262,Terence Davis,"$4,000,000 ",$0 ,$0 ,$0 
264,Chris Duarte,"$3,936,960 ","$4,124,400 ","$5,893,768 ","$8,151,081 "
265,Alex Len,"$3,918,600 ",$0 ,$0 ,$0 
266,Ochai Agbaji,"$3,918,360 ","$4,114,200 ","$4,310,280 ","$6,383,525 "
267,Jordan Poole,"$3,901,399 ","$27,955,357 ","$30,151,786 ","$32,348,215 "
268,Keldon Johnson,"$3,873,024 ","$20,000,000 ","$19,000,000 ","$17,500,000 "
269,Sviatoslav Mykhailiuk,"$3,846,895 ",$0 ,$0 ,$0 
270,James Johnson,"$3,841,067 ",$0 ,$0 ,$0 
271,Aaron Nesmith,"$3,804,360 ","$5,634,257 ","$7,837,251 ",$0 
272,Moses Moody,"$3,740,160 ","$3,918,480 ","$5,803,269 ","$8,072,347 "
273,Mark Williams,"$3,722,040 ","$3,908,160 ","$4,094,280 ","$6,276,531 "
274,Cole Anthony,"$3,613,680 ","$5,539,771 ","$7,744,600 ",$0 
275,Corey Kispert,"$3,552,840 ","$3,722,040 ","$5,705,887 ","$7,976,830 "
276,AJ Griffin,"$3,536,160 ","$3,712,920 ","$3,889,920 ","$5,967,137 "
277,Goran Dragic,"$3,523,762 ",$0 ,$0 ,$0 
278,Mike Muscala,"$3,500,000 ","$3,500,000 ",$0 ,$0 
279,Georges Niang,"$3,465,000 ",$0 ,$0 ,$0 
280,Isaiah Stewart,"$3,433,320 ","$5,266,713 ","$7,399,731 ",$0 
280,Chuma Okeke,"$3,433,320 ","$5,266,712 ","$7,399,731 ",$0 
282,Trey Burke,"$3,423,750 ",$0 ,$0 ,$0 
283,Amir Coffey,"$3,395,062 ","$3,666,667 ","$3,938,271 ",$0 
284,Alperen Sengun,"$3,375,360 ","$3,536,280 ","$5,424,654 ","$7,621,638 "
285,Tari Eason,"$3,359,160 ","$3,527,160 ","$3,695,160 ","$5,675,766 "
286,Aleksej Pokusevski,"$3,261,480 ","$5,009,633 ","$7,073,602 ",$0 
287,Kevin Porter,"$3,217,631 ","$15,860,000 ","$15,860,000 ","$15,860,000 "
288,Trey Murphy,"$3,206,520 ","$3,359,280 ","$5,159,854 ","$7,285,713 "
289,Simone Fontecchio,"$3,205,128 ","$3,044,872 ",$0 ,$0 
290,Andre Drummond,"$3,200,000 ","$3,360,000 ",$0 ,$0 
290,Derrick Jones,"$3,200,000 ","$3,360,000 ",$0 ,$0 
292,Dalen Terry,"$3,191,400 ","$3,350,760 ","$3,510,480 ","$5,399,118 "
293,Sterling Brown,"$3,122,602 ",$0 ,$0 ,$0 
294,Josh Green,"$3,098,400 ","$4,765,339 ","$6,762,016 ",$0 
295,Jake LaRavia,"$3,047,640 ","$3,199,920 ","$3,352,680 ","$5,163,127 "
296,Tre Mann,"$3,046,200 ","$3,191,400 ","$4,908,373 ","$6,964,982 "
297,Kevin Knox,"$3,000,000 ","$3,000,000 ",$0 ,$0 
298,Saddiq Bey,"$2,959,080 ","$4,556,983 ","$6,498,258 ",$0 
299,Malaki Branham,"$2,925,600 ","$3,071,880 ","$3,217,920 ","$4,962,033 "
300,Joe Wieskamp,"$2,909,261 ","$1,927,896 ",$0 ,$0 
301,Kai Jones,"$2,909,040 ","$3,047,880 ","$4,693,735 ","$6,693,266 "
302,Blake Griffin,"$2,905,851 ",$0 ,$0 ,$0 
302,Robin Lopez,"$2,905,851 ",$0 ,$0 ,$0 
302,Markieff Morris,"$2,905,851 ",$0 ,$0 ,$0 
302,Andre Iguodala,"$2,905,851 ",$0 ,$0 ,$0 
302,Serge Ibaka,"$2,905,851 ",$0 ,$0 ,$0 
302,Udonis Haslem,"$2,905,851 ",$0 ,$0 ,$0 
302,Wesley Matthews,"$2,905,851 ",$0 ,$0 ,$0 
302,Austin Rivers,"$2,905,851 ",$0 ,$0 ,$0 
302,Bismack Biyombo,"$2,905,851 ",$0 ,$0 ,$0 
302,Taj Gibson,"$2,905,851 ",$0 ,$0 ,$0 
312,RJ Hampton,"$2,898,243 ","$1,927,896 ",$0 ,$0 
313,Andrew Nicholson,"$2,844,429 ","$2,844,429 ",$0 ,$0 
314,Precious Achiuwa,"$2,840,160 ","$4,379,526 ","$6,275,861 ",$0 
315,Christian Braun,"$2,808,600 ","$2,949,120 ","$3,089,640 ","$4,921,797 "
316,Jordan Nwora,"$2,800,000 ","$3,000,000 ",$0 ,$0 
317,Jalen Johnson,"$2,792,640 ","$2,925,360 ","$4,510,905 ","$6,464,127 "
318,Tyrese Maxey,"$2,726,880 ","$4,343,920 ","$6,259,588 ",$0 
319,Bruno Fernando,"$2,717,391 ","$2,581,522 ","$2,717,391 ","$2,853,260 "
320,Walker Kessler,"$2,696,400 ","$2,831,160 ","$2,965,920 ","$4,878,938 "
321,Keon Johnson,"$2,681,040 ","$2,808,720 ","$4,474,291 ","$6,447,453 "
322,Charles Bassey,"$2,674,742 ","$2,600,000 ","$2,500,000 ","$2,500,000 "
323,Dennis Schroeder,"$2,641,682 ",$0 ,$0 ,$0 
324,TJ Warren,"$2,628,597 ",$0 ,$0 ,$0 
324,Matthew Dellavedova,"$2,628,597 ",$0 ,$0 ,$0 
326,Trey Lyles,"$2,625,000 ",$0 ,$0 ,$0 
327,Zeke Nnaji,"$2,617,800 ","$4,306,281 ","$6,235,495 ",$0 
328,David Roddy,"$2,588,640 ","$2,718,240 ","$2,847,240 ","$4,831,766 "
329,Isaiah Jackson,"$2,573,760 ","$2,696,280 ","$4,435,380 ","$6,422,431 "
330,MarJon Beauchamp,"$2,485,200 ","$2,609,400 ","$2,733,720 ","$4,781,276 "
331,Usman Garuba,"$2,471,160 ","$2,588,400 ","$4,392,515 ","$6,391,109 "
332,Montrezl Harrell,"$2,463,490 ","$2,760,026 ",$0 ,$0 
332,Raul Neto,"$2,463,490 ",$0 ,$0 ,$0 
332,Frank Kaminsky,"$2,463,490 ",$0 ,$0 ,$0 
335,Willy Hernangomez,"$2,443,581 ","$2,559,942 ",$0 ,$0 
336,Theo Maledon,"$2,408,891 ","$1,761,752 ",$0 ,$0 
337,Blake Wesley,"$2,385,480 ","$2,504,640 ","$2,624,280 ","$4,726,328 "
338,Josh Christopher,"$2,372,160 ","$2,485,200 ","$4,346,615 ","$6,354,751 "
339,Isaiah Roby,"$2,330,681 ","$2,066,585 ",$0 ,$0 
340,Lindy Waters III,"$2,316,876 ","$1,927,896 ",$0 ,$0 
341,Immanuel Quickley,"$2,316,240 ","$4,171,548 ","$6,128,004 ",$0 
342,Wendell Moore,"$2,306,520 ","$2,421,720 ","$2,537,040 ","$4,574,283 "
343,John Konchar,"$2,300,000 ","$2,400,000 ","$6,165,000 ","$6,165,000 "
344,Damian Jones,"$2,298,385 ","$2,586,665 ",$0 ,$0 
344,Rodney McGruder,"$2,298,385 ",$0 ,$0 ,$0 
344,Bryn Forbes,"$2,298,385 ",$0 ,$0 ,$0 
344,Juan Hernangomez,"$2,298,385 ",$0 ,$0 ,$0 
348,Quentin Grimes,"$2,277,000 ","$2,385,720 ","$4,296,682 ","$6,311,825 "
349,Saben Lee,"$2,266,640 ","$1,761,752 ",$0 ,$0 
350,Andrew Nembhard,"$2,244,111 ","$2,131,905 ","$2,019,699 ","$2,187,451 "
351,Nikola Jovic,"$2,239,920 ","$2,352,000 ","$2,464,200 ","$4,445,417 "
352,Payton Pritchard,"$2,239,200 ","$4,037,277 ","$5,959,021 ",$0 
353,Vlatko Cancar,"$2,234,359 ","$2,234,359 ","$2,346,606 ",$0 
354,Patrick Baldwin,"$2,226,000 ","$2,337,720 ","$2,448,840 ","$4,420,156 "
355,TyTy Washington,"$2,210,040 ","$2,320,440 ","$2,431,080 ","$4,388,099 "
356,Bones Hyland,"$2,201,520 ","$2,306,400 ","$4,158,439 ","$6,137,856 "
357,Bol Bol,"$2,200,000 ","$2,200,000 ",$0 ,$0 
358,Peyton Watson,"$2,193,960 ","$2,303,520 ","$2,413,560 ","$4,356,476 "
359,Marquese Chriss,"$2,193,920 ",$0 ,$0 ,$0 
360,Udoka Azubuike,"$2,174,880 ",$0 ,$0 ,$0 
361,Jaden McDaniels,"$2,161,440 ","$3,901,399 ","$5,813,084 ",$0 
362,Jordan McLaughlin,"$2,160,000 ","$2,320,000 ",$0 ,$0 
363,Malachi Flynn,"$2,145,720 ","$3,873,024 ","$5,809,537 ",$0 
364,Cam Thomas,"$2,138,160 ","$2,240,160 ","$4,041,249 ","$5,993,172 "
365,Luke Kornet,"$2,133,278 ","$2,413,304 ",$0 ,$0 
365,Dennis Smith,"$2,133,278 ",$0 ,$0 ,$0 
365,Damion Lee,"$2,133,278 ",$0 ,$0 ,$0 
365,Juan Toscano-Anderson,"$2,133,278 ",$0 ,$0 ,$0 
369,Desmond Bane,"$2,130,240 ","$3,845,083 ","$5,767,625 ",$0 
370,Jaden Springer,"$2,125,200 ","$2,226,240 ","$4,018,363 ","$5,987,361 "
371,Day'Ron Sharpe,"$2,109,480 ","$2,210,040 ","$3,989,122 ","$5,983,683 "
372,Santiago Aldama,"$2,094,120 ","$2,194,200 ","$3,960,531 ","$5,940,797 "
373,Tony Bradley,"$2,036,318 ",$0 ,$0 ,$0 
373,Frank Ntilikina,"$2,036,318 ",$0 ,$0 ,$0 
375,Kenrich Williams,"$2,000,000 ","$6,175,000 ","$6,669,000 ","$7,163,000 "
375,Garrison Mathews,"$2,000,000 ","$2,000,000 ","$2,230,253 ",$0 
375,Jaylin Williams,"$2,000,000 ","$2,000,000 ","$2,019,699 ","$2,187,699 "
375,Caleb Houstan,"$2,000,000 ","$2,000,000 ","$2,019,699 ","$2,187,451 "
375,Jeremiah Robinson-Earl,"$2,000,000 ","$1,900,000 ","$1,988,598 ",$0 
380,Shake Milton,"$1,997,718 ",$0 ,$0 ,$0 
381,Edmond Sumner,"$1,968,175 ","$2,239,943 ",$0 ,$0 
381,Aaron Holiday,"$1,968,175 ",$0 ,$0 ,$0 
381,Yuta Watanabe,"$1,968,175 ",$0 ,$0 ,$0 
381,Theo Pinson,"$1,968,175 ",$0 ,$0 ,$0 
381,Thomas Bryant,"$1,968,175 ",$0 ,$0 ,$0 
381,Troy Brown,"$1,968,175 ",$0 ,$0 ,$0 
381,Josh Okogie,"$1,968,175 ",$0 ,$0 ,$0 
381,Drew Eubanks,"$1,968,175 ",$0 ,$0 ,$0 
389,Daniel Gafford,"$1,930,681 ","$12,402,000 ","$13,394,160 ","$14,386,320 "
389,Terance Mann,"$1,930,681 ","$10,576,923 ","$11,423,077 ",$0 
389,Dean Wade,"$1,930,681 ","$5,709,877 ","$6,166,667 ","$6,623,456 "
389,Jaylen Nowell,"$1,930,681 ",$0 ,$0 ,$0 
389,Naz Reid,"$1,930,681 ",$0 ,$0 ,$0 
389,Jalen McDaniels,"$1,930,681 ",$0 ,$0 ,$0 
395,Chimezie Metu,"$1,910,860 ",$0 ,$0 ,$0 
396,Davon Reed,"$1,902,133 ",$0 ,$0 ,$0 
396,KZ Okpala,"$1,902,133 ",$0 ,$0 ,$0 
398,Killian Tillie,"$1,901,625 ",$0 ,$0 ,$0 
399,Vernon Carey,"$1,882,621 ","$1,997,238 ",$0 ,$0 
400,Wenyen Gabriel,"$1,878,720 ",$0 ,$0 ,$0 
400,Thanasis Antetokounmpo,"$1,878,720 ",$0 ,$0 ,$0 
400,Moritz Wagner,"$1,878,720 ",$0 ,$0 ,$0 
400,Keita Bates-Diop,"$1,878,720 ",$0 ,$0 ,$0 
404,Oshae Brissett,"$1,846,738 ",$0 ,$0 ,$0 
405,Isaiah Joe,"$1,836,090 ","$1,997,238 ","$2,164,993 ",$0 
405,Anthony Gill,"$1,836,090 ","$1,997,238 ",$0 ,$0 
405,Nathan Knight,"$1,836,090 ","$1,997,238 ",$0 ,$0 
405,Justin Jackson,"$1,836,090 ",$0 ,$0 ,$0 
405,Ryan Arcidiacono,"$1,836,090 ",$0 ,$0 ,$0 
410,Javonte Green,"$1,815,677 ",$0 ,$0 ,$0 
410,Max Strus,"$1,815,677 ",$0 ,$0 ,$0 
410,Gabe Vincent,"$1,815,677 ",$0 ,$0 ,$0 
413,Herb Jones,"$1,785,000 ","$1,836,096 ",$0 ,$0 
414,KJ Martin,"$1,782,621 ","$1,930,681 ",$0 ,$0 
414,Nick Richards,"$1,782,621 ","$5,000,000 ","$5,000,000 ","$5,000,000 "
414,Lamar Stevens,"$1,782,621 ","$1,930,681 ",$0 ,$0 
414,Tyrell Terry,"$1,782,621 ",$0 ,$0 ,$0 
414,Xavier Tillman,"$1,782,621 ","$1,930,681 ",$0 ,$0 
414,Naji Marshall,"$1,782,621 ","$1,930,681 ",$0 ,$0 
414,Paul Reed,"$1,782,621 ",$0 ,$0 ,$0 
414,Tre Jones,"$1,782,621 ",$0 ,$0 ,$0 
422,Haywood Highsmith,"$1,752,638 ","$1,902,137 ",$0 ,$0 
422,Omer Yurtseven,"$1,752,638 ",$0 ,$0 ,$0 
424,Leandro Bolmaro,"$1,709,300 ",$0 ,$0 ,$0 
425,Terry Taylor,"$1,703,902 ",$0 ,$0 ,$0 
426,Jared Butler,"$1,674,655 ",$0 ,$0 ,$0 
427,Jericho Sims,"$1,639,842 ","$1,927,896 ","$2,092,344 ",$0 
428,Sam Hauser,"$1,637,966 ","$1,927,896 ","$2,092,344 ",$0 
428,Kessler Edwards,"$1,637,966 ","$1,927,896 ",$0 ,$0 
430,Isaiah Todd,"$1,575,000 ","$1,836,096 ","$1,988,598 ",$0 
431,Vit Krejci,"$1,563,518 ","$1,836,096 ","$1,988,598 ",$0 
431,JT Thor,"$1,563,518 ","$1,836,096 ","$1,988,598 ",$0 
431,Marko Simonovic,"$1,563,518 ","$1,836,096 ",$0 ,$0 
431,BJ Boston,"$1,563,518 ","$1,836,096 ",$0 ,$0 
431,Jason Preston,"$1,563,518 ","$1,836,096 ",$0 ,$0 
431,Aaron Wiggins,"$1,563,518 ","$1,836,096 ","$1,988,598 ",$0 
431,Trendon Watford,"$1,563,518 ","$1,836,096 ","$1,988,598 ",$0 
431,Ayo Dosunmu,"$1,563,518 ",$0 ,$0 ,$0 
431,Isaiah Livers,"$1,563,518 ","$1,836,096 ",$0 ,$0 
431,Daishen Nix,"$1,563,518 ","$1,836,096 ","$1,988,598 ",$0 
431,Austin Reaves,"$1,563,518 ",$0 ,$0 ,$0 
431,Jose Alvarado,"$1,563,518 ","$1,836,096 ","$1,988,598 ",$0 
431,Miles McBride,"$1,563,518 ","$1,836,096 ",$0 ,$0 
431,Jock Landale,"$1,563,518 ",$0 ,$0 ,$0 
431,Greg Brown,"$1,563,518 ",$0 ,$0 ,$0 
431,Dalano Banton,"$1,563,518 ",$0 ,$0 ,$0 
447,Kenneth Lofton,"$1,505,966 ","$1,719,864 ","$2,019,699 ","$2,187,699 "
448,Christian Koloko,"$1,500,000 ","$1,719,864 ","$2,019,699 ",$0 
449,Bryce McGowens,"$1,461,055 ","$1,719,864 ","$2,019,699 ","$2,187,699 "
450,Eric Bledsoe,"$1,300,000 ","$1,300,000 ","$1,300,000 ",$0 
451,Jordan Goodwin,"$1,280,206 ","$1,927,896 ","$2,092,344 ",$0 
452,Kennedy Chandler,"$1,200,000 ","$1,719,864 ","$2,019,699 ","$2,187,699 "
453,Noah Vonleh,"$1,160,955 ",$0 ,$0 ,$0 
454,Sandro Mamukelashvili,"$1,116,112 ",$0 ,$0 ,$0 
455,Sam Merrill,"$1,105,522 ","$1,997,238 ","$2,164,993 ",$0 
456,Zhaire Smith,"$1,068,200 ",$0 ,$0 ,$0 
457,Tyrese Martin,"$1,017,781 ","$1,719,864 ",$0 ,$0 
457,Jaden Hardy,"$1,017,781 ","$1,719,864 ","$2,019,699 ",$0 
457,Ryan Rollins,"$1,017,781 ","$1,719,864 ","$2,019,699 ",$0 
457,Max Christie,"$1,017,781 ","$1,719,864 ",$0 ,$0 
457,Josh Minott,"$1,017,781 ","$1,719,864 ","$2,019,699 ","$2,187,699 "
457,Jabari Walker,"$1,017,781 ","$1,719,864 ","$2,019,699 ",$0 
463,Eugene Omoruyi,"$1,013,119 ","$1,927,896 ",$0 ,$0 
464,Kris Dunn,"$1,000,001 ","$2,586,484 ",$0 ,$0 
465,Kyle Singler,"$999,200 ",$0 ,$0 ,$0 
466,Ishmail Wainright,"$980,057 ","$1,927,896 ",$0 ,$0 
467,Admiral Schofield,"$877,940 ","$1,997,238 ",$0 ,$0 
468,Justin Champagnie,"$853,241 ","$1,927,896 ",$0 ,$0 
469,Trevelin Queen,"$838,891 ",$0 ,$0 ,$0 
470,Moses Brown,"$824,041 ",$0 ,$0 ,$0 
471,Matt Ryan,"$806,097 ","$1,761,752 ",$0 ,$0 
472,DaQuan Jeffries,"$799,403 ","$2,066,585 ",$0 ,$0 
473,PJ Dozier,"$784,654 ","$2,413,304 ",$0 ,$0 
474,Cody Zeller,"$743,922 ",$0 ,$0 ,$0 
475,Meyers Leonard,"$713,558 ",$0 ,$0 ,$0 
476,Nik Stauskas,"$702,311 ","$702,311 ","$702,311 ",$0 
477,Anthony Lamb,"$694,878 ","$1,761,752 ",$0 ,$0 
478,Michael Carter-Williams,"$652,829 ","$3,051,144 ",$0 ,$0 
479,DJ Augustin,"$633,938 ",$0 ,$0 ,$0 
480,Duane Washington Jr,"$628,802 ",$0 ,$0 ,$0 
481,Carlik Jones,"$612,162 ","$1,927,896 ","$2,092,344 ",$0 
482,Juwan Morgan,"$576,230 ","$576,230 ","$576,230 ",$0 
483,Malik Fitts,"$555,217 ","$555,217 ","$555,217 ",$0 
484,Luka Samanic,"$538,317 ","$2,066,585 ",$0 ,$0 
485,David Duke,"$531,283 ","$1,761,752 ",$0 ,$0 
486,Trevor Keels,"$520,589 ",$0 ,$0 ,$0 
487,Dereon Seabron,"$511,816 ","$547,349 ",$0 ,$0 
488,Cole Swider,"$508,891 ","$547,349 ",$0 ,$0 
488,Vince Williams Jr,"$508,891 ","$547,349 ",$0 ,$0 
488,EJ Liddell,"$508,891 ","$547,349 ",$0 ,$0 
488,Kevon Harris,"$508,891 ","$547,349 ",$0 ,$0 
488,Micah Potter,"$508,891 ","$547,349 ",$0 ,$0 
488,Trent Forrest,"$508,891 ","$1,761,752 ",$0 ,$0 
488,JD Davison,"$508,891 ","$1,761,752 ",$0 ,$0 
488,Mfiondu Kabengele,"$508,891 ","$1,761,752 ",$0 ,$0 
488,Malcolm Hill,"$508,891 ",$0 ,$0 ,$0 
488,Mamadi Diakite,"$508,891 ","$1,761,752 ",$0 ,$0 
488,Isaiah Mobley,"$508,891 ","$1,761,752 ",$0 ,$0 
488,McKinley Wright,"$508,891 ","$1,761,752 ",$0 ,$0 
488,Collin Gillespie,"$508,891 ","$1,761,752 ",$0 ,$0 
488,Jack White,"$508,891 ","$1,761,752 ",$0 ,$0 
488,Buddy Boeheim,"$508,891 ","$1,761,752 ",$0 ,$0 
488,Darius Days,"$508,891 ","$1,761,752 ",$0 ,$0 
488,Trevor Hudgins,"$508,891 ","$1,761,752 ",$0 ,$0 
488,Kendall Brown,"$508,891 ","$1,761,752 ",$0 ,$0 
488,Moussa Diabate,"$508,891 ","$1,761,752 ",$0 ,$0 
488,Scottie Pippen Jr,"$508,891 ","$1,761,752 ",$0 ,$0 
488,Jamal Cain,"$508,891 ","$1,761,752 ",$0 ,$0 
488,AJ Green,"$508,891 ","$1,761,752 ",$0 ,$0 
488,Luka Garza,"$508,891 ","$1,761,752 ",$0 ,$0 
488,Keon Ellis,"$508,891 ","$1,761,752 ",$0 ,$0 
488,Neemias Queta,"$508,891 ","$1,761,752 ",$0 ,$0 
488,Dominick Barlow,"$508,891 ","$1,761,752 ",$0 ,$0 
488,Julian Champagnie,"$508,891 ","$1,761,752 ",$0 ,$0 
488,Jeff Dowtin,"$508,891 ","$1,761,752 ",$0 ,$0 
488,Ron Harper Jr,"$508,891 ","$1,761,752 ",$0 ,$0 
488,Johnny Juzang,"$508,891 ","$1,761,752 ",$0 ,$0 
518,John Butler,"$503,041 ","$1,761,752 ",$0 ,$0 
519,Chima Moneke,"$500,000 ",$0 ,$0 ,$0 
520,Facundo Campazzo,"$464,299 ",$0 ,$0 ,$0 
521,Orlando Robinson,"$386,055 ","$1,761,752 ",$0 ,$0 
522,Dru Smith,"$374,357 ",$0 ,$0 ,$0 
523,AJ Lawson,"$371,432 ","$1,761,752 ",$0 ,$0 
524,Jared Rhoden,"$307,089 ","$1,761,752 ",$0 ,$0 
524,Louis King,"$307,089 ","$1,761,752 ",$0 ,$0 
526,Robert Woodard,"$300,000 ",$0 ,$0 ,$0 
527,Didi Louzada,"$268,032 ","$268,032 ","$268,032 ","$268,032 "
528,Jarrett Culver,"$260,295 ",$0 ,$0 ,$0 
529,Olivier Sarr,"$257,371 ",$0 ,$0 ,$0 
530,Alondes Williams,"$254,446 ",$0 ,$0 ,$0 
531,DJ Wilson,"$250,000 ",$0 ,$0 ,$0 
532,Donovan Williams,"$239,822 ","$1,761,752 ",$0 ,$0 
533,Quenton Jackson,"$219,630 ","$547,349 ",$0 ,$0 
534,Chris Silva,"$211,045 ",$0 ,$0 ,$0 
535,Tyler Dorsey,"$201,802 ",$0 ,$0 ,$0 
535,Braxton Key,"$201,802 ",$0 ,$0 ,$0 
537,Jordan Hall,"$193,027 ",$0 ,$0 ,$0 
538,Alize Johnson,"$192,293 ",$0 ,$0 ,$0 
539,Kostas Antetokounmpo,"$172,555 ",$0 ,$0 ,$0 
540,Devon Dotson,"$169,630 ",$0 ,$0 ,$0 
541,Mac McClung,"$160,856 ","$1,761,752 ",$0 ,$0 
542,Willie Cauley-Stein,"$155,738 ",$0 ,$0 ,$0 
543,Nate Darling,"$152,082 ",$0 ,$0 ,$0 
544,Xavier Cooks,"$140,384 ","$1,719,864 ","$2,019,699 ","$2,187,451 "
544,Keaton Wallace,"$140,384 ",$0 ,$0 ,$0 
546,Shaquille Harrison,"$134,862 ","$2,413,304 ",$0 ,$0 
547,Feron Hunt,"$131,610 ",$0 ,$0 ,$0 
548,Lester Quinones,"$129,405 ",$0 ,$0 ,$0 
549,Troy Williams,"$122,741 ",$0 ,$0 ,$0 
550,Xavier Moon,"$116,986 ",$0 ,$0 ,$0 
550,Jamaree Bouyea,"$116,986 ",$0 ,$0 ,$0 
550,Jay Huff,"$116,986 ",$0 ,$0 ,$0 
553,Skylar Mays,"$116,574 ",$0 ,$0 ,$0 
554,Frank Jackson,"$113,114 ",$0 ,$0 ,$0 
555,Michael Foster,"$106,288 ",$0 ,$0 ,$0 
556,Deonte Burton,"$105,522 ",$0 ,$0 ,$0 
556,Jarrell Brantley,"$105,522 ",$0 ,$0 ,$0 
558,Xavier Sneed,"$102,910 ","$547,349 ",$0 ,$0 
559,Justin Lewis,"$102,363 ",$0 ,$0 ,$0 
560,Lindell Wigginton,"$99,438 ","$547,349 ",$0 ,$0 
561,Jordan Schakel,"$96,514 ",$0 ,$0 ,$0 
562,Demetrius Jackson,"$92,857 ","$92,857 ",$0 ,$0 
563,Stanley Umude,"$58,493 ",$0 ,$0 ,$0 
564,Jeenathan Williams,"$52,644 ","$1,719,864 ",$0 ,$0 
565,DJ Steward,"$50,000 ",$0 ,$0 ,$0 
565,Armoni Brooks,"$50,000 ",$0 ,$0 ,$0 
567,Jay Scrubb,"$49,719 ","$547,349 ",$0 ,$0 
568,Justin Minaya,"$35,096 ",$0 ,$0 ,$0 
569,Kobi Simmons,"$32,795 ","$2,066,585 ",$0 ,$0 
570,Gabe York,"$32,171 ",$0 ,$0 ,$0 
571,Ibou Badji,"$18,226 ","$1,761,752 ",$0 ,$0 
572,Tristan Thompson,"$16,700 ",$0 ,$0 ,$0 
573,RaiQuan Gray,"$5,849 ","$547,349 ",$0 ,$0 
573,Jacob Gilyard,"$5,849 ","$547,349 ",$0 ,$0 
